"Fecha","Último","Apertura","Máximo","Mínimo","Vol.","% var."
"31.12.2025","22,40","22,28","22,42","22,22","111,12K","0,18%"
"30.12.2025","22,36","22,26","22,48","22,12","152,90K","0,45%"
"29.12.2025","22,26","21,92","22,26","21,70","186,07K","1,00%"
"24.12.2025","22,04","21,80","22,04","21,80","44,69K","0,92%"
"23.12.2025","21,84","21,70","22,04","21,32","166,55K","0,65%"
"22.12.2025","21,70","21,76","21,76","21,38","136,46K","-0,46%"
"19.12.2025","21,80","21,44","22,00","21,44","889,41K","1,21%"
"18.12.2025","21,54","21,48","21,56","21,30","172,55K","0,19%"
"17.12.2025","21,50","21,72","21,86","21,40","154,74K","-1,01%"
"16.12.2025","21,72","21,50","21,82","21,30","222,21K","1,21%"
"15.12.2025","21,46","21,04","21,46","21,00","259,14K","2,58%"
"12.12.2025","20,92","20,54","21,08","20,52","194,41K","2,15%"
"11.12.2025","20,48","20,64","20,74","20,42","293,10K","-1,73%"
"10.12.2025","20,84","21,08","21,10","20,82","120,90K","-1,14%"
"09.12.2025","21,08","21,16","21,38","21,04","103,04K","-0,19%"
"08.12.2025","21,12","21,10","21,30","21,10","119,06K","0,28%"
"05.12.2025","21,06","21,58","21,58","21,02","258,77K","-1,13%"
"04.12.2025","21,30","20,92","21,36","20,90","156,20K","1,82%"
"03.12.2025","20,92","21,10","21,36","20,84","193,35K","-0,76%"
"02.12.2025","21,08","20,64","21,30","20,54","244,72K","2,03%"
"01.12.2025","20,66","21,00","21,00","20,62","147,24K","-1,99%"
"28.11.2025","21,08","21,20","21,20","20,88","194,19K","-0,28%"
"27.11.2025","21,14","20,90","21,30","20,82","213,13K","2,13%"
"26.11.2025","20,70","20,68","20,96","20,48","221,32K","1,97%"
"25.11.2025","20,30","20,44","20,44","20,00","254,69K","-0,88%"
"24.11.2025","20,48","20,00","20,52","19,99","377,51K","1,69%"
"21.11.2025","20,14","20,50","20,54","19,94","331,10K","-2,89%"
"20.11.2025","20,74","21,16","21,48","20,74","243,44K","-1,89%"
"19.11.2025","21,14","21,70","21,72","21,14","297,74K","-3,03%"
"18.11.2025","21,80","22,10","22,42","21,80","369,46K","-2,94%"
"17.11.2025","22,46","22,84","23,04","22,08","367,72K","-0,88%"
"14.11.2025","22,66","23,22","23,34","21,84","945,75K","-5,90%"
"13.11.2025","24,08","24,20","24,60","24,04","175,45K","-0,58%"
"12.11.2025","24,22","23,90","24,28","23,90","160,28K","1,68%"
"11.11.2025","23,82","24,54","24,58","23,72","179,87K","-2,78%"
"10.11.2025","24,50","24,26","24,62","24,26","137,89K","1,66%"
"07.11.2025","24,10","24,64","24,96","24,06","224,44K","-1,23%"
"06.11.2025","24,40","25,16","25,16","24,38","277,03K","-2,63%"
"05.11.2025","25,06","24,72","25,06","24,50","264,13K","1,13%"
"04.11.2025","24,78","23,88","24,78","23,58","364,97K","2,74%"
"03.11.2025","24,12","23,86","24,30","23,64","296,86K","1,09%"
"31.10.2025","23,86","24,26","24,32","23,84","153,57K","-1,24%"
"30.10.2025","24,16","23,92","24,32","23,50","524,83K","-0,41%"
"29.10.2025","24,26","24,88","24,88","24,26","171,64K","-1,78%"
"28.10.2025","24,70","24,26","24,90","24,26","565,29K","1,73%"
"27.10.2025","24,28","24,56","24,56","24,10","162,38K","-0,82%"
"24.10.2025","24,48","24,40","24,56","23,92","212,43K","0,33%"
"23.10.2025","24,40","24,16","24,50","23,64","253,21K","2,09%"
"22.10.2025","23,90","24,22","24,72","23,80","289,83K","-0,50%"
"21.10.2025","24,02","24,64","24,64","24,02","247,61K","-1,88%"
"20.10.2025","24,48","24,60","24,92","24,32","269,21K","0,16%"
"17.10.2025","24,44","24,62","24,62","24,22","272,76K","-0,65%"
"16.10.2025","24,60","24,48","24,84","24,26","375,81K","1,23%"
"15.10.2025","24,30","24,32","24,42","23,82","405,64K","1,08%"
"14.10.2025","24,04","24,50","24,96","23,76","419,58K","-3,53%"
"13.10.2025","24,92","24,54","24,92","24,38","143,26K","1,55%"
"10.10.2025","24,54","24,82","25,10","24,54","175,68K","-1,68%"
"09.10.2025","24,96","24,70","25,16","24,54","253,62K","1,22%"
"08.10.2025","24,66","24,72","25,12","24,50","207,60K","-0,80%"
"07.10.2025","24,86","25,16","25,16","24,62","217,15K","-0,56%"
"06.10.2025","25,00","23,72","25,24","23,66","548,09K","5,31%"
"03.10.2025","23,74","22,88","23,74","22,46","469,06K","4,21%"
"02.10.2025","22,78","22,70","22,86","22,40","179,71K","1,15%"
"01.10.2025","22,52","22,08","22,56","21,84","393,92K","2,18%"
"30.09.2025","22,04","21,90","22,18","21,70","208,72K","0,46%"
"29.09.2025","21,94","22,32","22,34","21,88","92,72K","-0,81%"
"26.09.2025","22,12","22,54","22,54","21,98","124,68K","-0,27%"
"25.09.2025","22,18","22,80","22,80","22,18","107,16K","-2,46%"
"24.09.2025","22,74","22,64","22,82","22,52","92,31K","0,80%"
"23.09.2025","22,56","22,36","22,86","22,36","134,06K","1,35%"
"22.09.2025","22,26","21,90","22,30","21,90","131,57K","1,00%"
"19.09.2025","22,04","22,20","22,44","21,64","1,43M","-1,08%"
"18.09.2025","22,28","22,48","22,48","22,18","100,24K","-0,80%"
"17.09.2025","22,46","22,12","22,58","21,86","159,72K","2,18%"
"16.09.2025","21,98","22,52","22,52","21,86","141,26K","-1,43%"
"15.09.2025","22,30","22,34","22,48","22,20","190,47K","-0,45%"
"12.09.2025","22,40","22,78","22,78","22,18","145,12K","-0,88%"
"11.09.2025","22,60","22,42","22,72","22,42","170,49K","0,09%"
"10.09.2025","22,58","22,38","22,78","22,24","175,43K","1,35%"
"09.09.2025","22,28","22,58","22,94","22,28","289,01K","-2,19%"
"08.09.2025","22,78","22,78","22,98","22,64","320,66K","0,18%"
"05.09.2025","22,74","22,22","22,86","22,16","176,81K","2,06%"
"04.09.2025","22,28","22,28","22,48","22,24","235,39K","-0,62%"
"03.09.2025","22,42","22,64","22,66","22,26","165,27K","-0,18%"
"02.09.2025","22,46","22,34","22,54","22,18","189,73K","-0,27%"
"01.09.2025","22,52","22,82","22,96","22,42","175,49K","-2,00%"
"29.08.2025","22,98","23,58","23,58","22,98","204,36K","-2,54%"
"28.08.2025","23,58","23,38","23,62","22,90","168,19K","-0,84%"
"27.08.2025","23,78","23,28","24,12","23,28","249,08K","2,15%"
"26.08.2025","23,28","23,20","23,52","23,16","130,01K","-0,09%"
"25.08.2025","23,30","24,16","24,16","23,12","260,82K","-3,32%"
"22.08.2025","24,10","23,68","24,16","23,64","126,67K","1,26%"
"21.08.2025","23,80","23,94","24,06","23,80","170,44K","-0,67%"
"20.08.2025","23,96","23,76","24,06","23,70","117,34K","0,93%"
"19.08.2025","23,74","23,72","23,78","23,60","120,17K","0,17%"
"18.08.2025","23,70","23,40","24,00","23,40","265,67K","1,37%"
"15.08.2025","23,38","23,30","23,40","23,16","146,86K","0,43%"
"14.08.2025","23,28","23,16","23,40","23,14","158,33K","0,09%"
"13.08.2025","23,26","23,26","23,46","23,24","232,24K","0,17%"
"12.08.2025","23,22","23,30","23,58","23,22","170,11K","-0,43%"
"11.08.2025","23,32","23,60","23,60","23,06","179,28K","-1,19%"
"08.08.2025","23,60","23,52","23,82","23,52","271,62K","0,51%"
"07.08.2025","23,48","23,78","23,78","23,26","202,00K","-0,34%"
"06.08.2025","23,56","23,60","23,72","23,40","251,08K","0,00%"
"05.08.2025","23,56","23,60","23,68","23,42","269,35K","0,43%"
"04.08.2025","23,46","23,16","23,46","23,04","278,70K","1,03%"
"01.08.2025","23,22","23,38","23,50","23,14","389,01K","-1,53%"
"31.07.2025","23,58","23,60","23,80","23,34","300,41K","0,17%"
"30.07.2025","23,54","23,04","23,80","23,04","437,70K","1,20%"
"29.07.2025","23,26","23,78","24,04","23,04","737,53K","-4,20%"
"28.07.2025","24,28","24,50","24,80","24,14","337,77K","-0,33%"
"25.07.2025","24,36","24,48","24,54","24,14","355,45K","-0,49%"
"24.07.2025","24,48","24,94","25,02","24,38","372,56K","-2,31%"
"23.07.2025","25,06","25,60","25,60","24,82","505,73K","-2,11%"
"22.07.2025","25,60","24,84","25,64","24,80","531,23K","2,89%"
"21.07.2025","24,88","24,20","24,88","24,20","410,78K","2,98%"
"18.07.2025","24,16","23,64","24,18","23,60","529,48K","2,63%"
"17.07.2025","23,54","23,50","23,84","23,46","348,91K","1,03%"
"16.07.2025","23,30","23,08","23,48","23,08","298,24K","0,87%"
"15.07.2025","23,10","22,82","23,30","22,80","385,21K","1,23%"
"14.07.2025","22,82","22,38","22,88","22,36","318,26K","0,88%"
"11.07.2025","22,62","22,22","22,66","22,22","327,16K","1,07%"
"10.07.2025","22,38","22,48","22,52","22,34","280,25K","0,27%"
"09.07.2025","22,32","22,10","22,46","22,02","357,02K","1,45%"
"08.07.2025","22,00","22,18","22,32","21,86","396,97K","-0,45%"
"07.07.2025","22,10","22,36","22,36","22,04","403,95K","-0,72%"
"04.07.2025","22,26","21,50","22,52","21,50","899,14K","3,73%"
"03.07.2025","21,46","20,80","21,50","20,80","516,08K","3,87%"
"02.07.2025","20,66","20,12","20,76","20,12","524,59K","3,30%"
"01.07.2025","20,00","19,65","20,00","19,65","289,13K","2,04%"
"30.06.2025","19,60","20,28","20,28","19,59","646,80K","-3,35%"
"27.06.2025","20,28","19,67","20,28","19,67","440,24K","3,63%"
"26.06.2025","19,57","19,41","19,73","19,32","251,61K","1,24%"
"25.06.2025","19,33","19,00","19,73","18,98","371,77K","2,60%"
"24.06.2025","18,84","18,93","19,00","18,70","216,77K","0,53%"
"23.06.2025","18,74","18,42","18,74","18,17","326,84K","0,48%"
"20.06.2025","18,65","18,63","18,83","18,49","296,10K","0,05%"
"19.06.2025","18,64","18,44","18,73","18,30","161,21K","0,16%"
"18.06.2025","18,61","18,80","18,89","18,58","145,78K","-1,43%"
"17.06.2025","18,88","19,12","19,16","18,76","280,47K","-3,82%"
"16.06.2025","19,63","19,63","19,91","19,54","296,57K","-0,36%"
"13.06.2025","19,70","19,67","19,81","19,26","544,55K","-1,25%"
"12.06.2025","19,95","19,75","19,95","19,73","261,76K","0,61%"
"11.06.2025","19,83","19,90","19,96","19,73","258,20K","-0,35%"
"10.06.2025","19,90","19,79","20,08","19,78","368,95K","0,61%"
"09.06.2025","19,78","19,78","19,98","19,75","276,00K","0,00%"
"06.06.2025","19,78","19,93","20,20","19,72","274,94K","0,10%"
"05.06.2025","19,76","19,95","20,06","19,56","398,67K","-0,90%"
"04.06.2025","19,94","19,95","20,30","19,75","326,65K","1,06%"
"03.06.2025","19,73","19,25","20,06","19,16","441,76K","3,41%"
"02.06.2025","19,08","19,20","19,22","18,92","451,30K","-0,93%"
"30.05.2025","19,26","18,74","19,48","18,72","538,99K","3,44%"
"29.05.2025","18,62","18,16","18,82","18,06","395,63K","3,39%"
"28.05.2025","18,01","17,98","18,06","17,81","313,19K","0,56%"
"27.05.2025","17,91","18,08","18,20","17,85","478,80K","-1,65%"
"26.05.2025","18,21","18,00","18,21","17,93","228,83K","2,02%"
"23.05.2025","17,85","17,85","17,95","17,49","439,64K","0,79%"
"22.05.2025","17,71","17,86","17,86","17,57","352,70K","-1,17%"
"21.05.2025","17,92","17,71","18,17","17,71","274,73K","-0,39%"
"20.05.2025","17,99","17,49","18,07","17,47","468,63K","3,45%"
"19.05.2025","17,39","17,68","17,77","17,17","311,22K","-1,47%"
"16.05.2025","17,65","17,72","17,89","17,58","304,70K","0,63%"
"15.05.2025","17,54","17,35","17,64","16,70","677,75K","-0,45%"
"14.05.2025","17,62","17,80","17,98","17,55","456,57K","-1,29%"
"13.05.2025","17,85","17,00","17,95","17,00","845,68K","5,43%"
"12.05.2025","16,93","16,76","17,15","16,50","300,50K","2,05%"
"09.05.2025","16,59","15,97","16,59","15,97","295,69K","3,82%"
"08.05.2025","15,98","16,10","16,17","15,96","274,42K","-0,56%"
"07.05.2025","16,07","16,11","16,12","15,84","205,35K","-0,37%"
"06.05.2025","16,13","16,46","16,57","16,01","163,82K","-1,47%"
"05.05.2025","16,37","15,94","16,40","15,90","0,68K","2,70%"
"02.05.2025","15,94","16,41","16,60","15,82","258,33K","-3,04%"
"30.04.2025","16,44","16,33","16,52","16,27","268,98K","0,80%"
"29.04.2025","16,31","16,55","16,65","16,25","3,25K","-1,03%"
"28.04.2025","16,48","16,24","16,57","16,22","157,96K","1,73%"
"25.04.2025","16,20","15,90","16,22","15,90","331,80K","1,89%"
"24.04.2025","15,90","15,83","16,14","15,83","243,97K","-0,31%"
"23.04.2025","15,95","16,24","16,29","15,92","260,00K","0,19%"
"22.04.2025","15,92","15,75","15,96","15,57","219,98K","0,38%"
"17.04.2025","15,86","15,84","15,94","15,43","319,88K","-2,28%"
"16.04.2025","16,23","16,07","16,30","16,01","123,71K","1,06%"
"15.04.2025","16,06","15,66","16,07","15,66","184,10K","2,42%"
"14.04.2025","15,68","15,90","15,99","15,66","186,26K","0,26%"
"11.04.2025","15,64","15,61","15,78","15,43","206,34K","0,90%"
"10.04.2025","15,50","16,42","16,42","15,30","0,05K","5,01%"
"09.04.2025","14,76","14,94","15,01","14,52","281,44K","-3,59%"
"08.04.2025","15,31","15,37","15,50","14,92","301,86K","2,20%"
"07.04.2025","14,98","15,10","15,66","14,21","545,99K","-6,72%"
"04.04.2025","16,06","17,24","17,43","15,98","387,60K","-7,01%"
"03.04.2025","17,27","16,76","17,59","16,60","315,17K","2,98%"
"02.04.2025","16,77","16,70","16,81","16,56","173,59K","0,30%"
"01.04.2025","16,72","16,95","17,01","16,65","221,19K","-1,36%"
"31.03.2025","16,95","17,50","17,57","16,95","276,31K","-3,14%"
"28.03.2025","17,50","17,24","17,66","17,18","232,83K","2,16%"
"27.03.2025","17,13","17,42","17,48","17,10","310,54K","-1,83%"
"26.03.2025","17,45","17,75","17,75","17,43","279,03K","-1,19%"
"25.03.2025","17,66","17,50","17,89","17,50","395,87K","0,97%"
"24.03.2025","17,49","18,00","18,13","17,45","410,95K","-2,67%"
"21.03.2025","17,97","18,15","18,22","17,90","350,40K","-1,16%"
"20.03.2025","18,18","18,22","18,35","17,89","361,63K","0,28%"
"19.03.2025","18,13","18,16","18,20","17,91","1,22K","-0,49%"
"18.03.2025","18,22","18,11","18,24","18,04","262,17K","0,94%"
"17.03.2025","18,05","17,85","18,05","17,78","261,62K","1,58%"
"14.03.2025","17,77","17,70","17,77","17,52","309,23K","0,17%"
"13.03.2025","17,74","17,70","17,91","17,57","320,57K","0,11%"
"12.03.2025","17,72","17,55","17,94","17,43","416,08K","0,97%"
"11.03.2025","17,55","17,47","17,74","17,44","518,93K","0,57%"
"10.03.2025","17,45","17,51","17,63","17,19","339,96K","-0,29%"
"07.03.2025","17,50","17,67","17,89","17,28","510,19K","-1,13%"
"06.03.2025","17,70","17,93","18,17","17,66","408,00K","-1,12%"
"05.03.2025","17,90","18,23","18,31","17,75","481,60K","-0,22%"
"04.03.2025","17,94","18,20","18,45","17,90","486,47K","-2,45%"
"03.03.2025","18,39","18,02","18,48","17,78","554,33K","1,55%"
"28.02.2025","18,11","18,00","18,13","17,07","995,75K","-0,06%"
"27.02.2025","18,12","18,78","18,78","17,98","459,56K","-3,57%"
"26.02.2025","18,79","18,50","19,01","18,48","382,76K","1,90%"
"25.02.2025","18,44","18,52","18,62","18,38","223,09K","-0,16%"
"24.02.2025","18,47","18,02","18,50","18,02","322,91K","3,13%"
"21.02.2025","17,91","17,83","17,98","17,77","164,18K","0,51%"
"20.02.2025","17,82","18,06","18,11","17,81","249,58K","-1,11%"
"19.02.2025","18,02","17,93","18,24","17,88","198,03K","0,61%"
"18.02.2025","17,91","18,02","18,12","17,86","227,43K","-0,61%"
"17.02.2025","18,02","18,00","18,09","17,82","155,24K","-0,28%"
"14.02.2025","18,07","18,09","18,26","17,98","211,35K","0,06%"
"13.02.2025","18,06","17,71","18,17","17,70","253,44K","1,98%"
"12.02.2025","17,71","17,79","18,12","17,58","504,45K","-0,78%"
"11.02.2025","17,85","17,97","18,16","17,76","218,70K","-0,78%"
"10.02.2025","17,99","17,90","18,13","17,86","172,81K","1,07%"
"07.02.2025","17,80","18,01","18,21","17,75","265,25K","-0,89%"
"06.02.2025","17,96","18,29","18,37","17,96","275,60K","-1,64%"
"05.02.2025","18,26","17,93","18,30","17,75","334,26K","2,07%"
"04.02.2025","17,89","17,50","17,90","17,37","252,30K","2,29%"
"03.02.2025","17,49","17,90","17,90","17,47","354,32K","-2,67%"
"31.01.2025","17,97","18,10","18,15","17,90","250,02K","-0,06%"
"30.01.2025","17,98","17,85","18,10","17,72","482,84K","0,90%"
"29.01.2025","17,82","18,16","18,16","17,77","438,41K","-1,33%"
"28.01.2025","18,06","17,88","18,56","17,83","546,06K","1,01%"
"27.01.2025","17,88","18,14","18,48","17,88","471,35K","-1,92%"
"24.01.2025","18,23","18,31","18,49","18,09","251,13K","0,28%"
"23.01.2025","18,18","18,10","18,35","18,09","224,00K","0,00%"
"22.01.2025","18,18","18,78","18,78","18,01","394,37K","-3,45%"
"21.01.2025","18,83","18,74","18,84","18,47","269,60K","-0,89%"
"20.01.2025","19,00","18,75","19,01","18,42","265,93K","1,39%"
"17.01.2025","18,74","18,69","18,93","18,60","360,01K","0,75%"
"16.01.2025","18,60","18,78","18,93","18,45","373,51K","-0,69%"
"15.01.2025","18,73","18,10","18,96","18,10","452,79K","4,06%"
"14.01.2025","18,00","18,02","18,08","17,75","303,82K","1,18%"
"13.01.2025","17,79","18,00","18,16","17,75","218,28K","-0,95%"
"10.01.2025","17,96","18,35","18,35","17,72","320,12K","-2,18%"
"09.01.2025","18,36","18,35","18,59","18,28","157,69K","-0,38%"
"08.01.2025","18,43","18,80","18,80","18,25","225,77K","-2,33%"
"07.01.2025","18,87","18,86","19,18","18,76","264,09K","-0,79%"
"06.01.2025","19,02","19,30","19,35","18,88","197,91K","-1,40%"
"03.01.2025","19,29","18,96","19,32","18,80","251,24K","2,99%"
"02.01.2025","18,73","17,99","18,75","17,99","317,21K","5,22%"
"31.12.2024","17,80","17,70","17,90","17,63","298,28K","0,45%"
"30.12.2024","17,72","17,95","17,97","17,72","211,34K","-1,61%"
"27.12.2024","18,01","18,28","18,28","17,86","254,53K","-1,26%"
"24.12.2024","18,24","18,17","18,29","18,17","70,00K","-0,11%"
"23.12.2024","18,26","18,20","18,26","17,91","192,23K","0,66%"
"20.12.2024","18,14","17,99","18,21","17,81","943,96K","-0,17%"
"19.12.2024","18,17","18,10","18,17","17,88","358,43K","-0,82%"
"18.12.2024","18,32","18,18","18,61","18,18","384,01K","0,44%"
"17.12.2024","18,24","18,41","18,43","18,17","277,67K","-1,35%"
"16.12.2024","18,49","18,66","18,73","18,43","270,40K","-1,28%"
"13.12.2024","18,73","19,00","19,14","18,62","410,31K","-1,58%"
"12.12.2024","19,03","19,23","19,40","18,95","360,26K","-1,04%"
"11.12.2024","19,23","20,04","20,06","19,21","599,32K","-4,33%"
"10.12.2024","20,10","19,99","20,24","19,83","479,41K","0,50%"
"09.12.2024","20,00","20,04","20,22","19,82","229,51K","0,00%"
"06.12.2024","20,00","19,99","20,42","19,94","344,42K","2,51%"
"05.12.2024","19,51","19,81","19,95","19,48","238,64K","-1,06%"
"04.12.2024","19,72","19,72","19,91","19,66","334,79K","-0,40%"
"03.12.2024","19,80","20,28","20,40","19,71","388,41K","-2,46%"
"02.12.2024","20,30","20,20","20,60","20,14","255,64K","0,10%"
"29.11.2024","20,28","20,20","20,38","19,96","318,35K","-0,39%"
"28.11.2024","20,36","20,50","20,60","20,36","403,23K","-0,49%"
"27.11.2024","20,46","20,06","20,50","20,06","235,67K","0,99%"
"26.11.2024","20,26","20,22","20,42","20,06","374,98K","-0,49%"
"25.11.2024","20,36","20,00","20,48","19,95","424,96K","2,47%"
"22.11.2024","19,87","19,66","19,93","19,49","457,99K","2,05%"
"21.11.2024","19,47","19,45","20,08","19,43","615,57K","-0,71%"
"20.11.2024","19,61","19,53","19,71","19,28","525,88K","1,24%"
"19.11.2024","19,37","19,51","19,57","19,16","432,31K","-0,87%"
"18.11.2024","19,54","19,71","20,10","19,45","633,80K","0,31%"
"15.11.2024","19,48","19,09","19,69","19,02","408,54K","2,47%"
"14.11.2024","19,01","18,47","19,07","18,33","327,52K","3,43%"
"13.11.2024","18,38","18,26","18,72","18,25","324,06K","-0,22%"
"12.11.2024","18,42","18,50","18,67","18,39","304,47K","-1,97%"
"11.11.2024","18,79","18,79","18,97","18,69","221,70K","1,13%"
"08.11.2024","18,58","18,23","18,76","18,23","287,92K","1,47%"
"07.11.2024","18,31","18,18","18,43","17,99","390,30K","2,52%"
"06.11.2024","17,86","19,10","19,10","17,64","913,06K","-6,98%"
"05.11.2024","19,20","19,42","19,64","19,20","357,28K","-1,18%"
"04.11.2024","19,43","19,09","19,60","19,00","288,26K","1,20%"
"01.11.2024","19,20","19,08","19,31","19,00","240,37K","1,27%"
"31.10.2024","18,96","19,48","19,73","18,92","424,61K","-2,82%"
"30.10.2024","19,51","19,63","19,96","19,51","357,32K","-0,20%"
"29.10.2024","19,55","20,06","20,06","19,52","227,72K","-1,91%"
"28.10.2024","19,93","20,10","20,16","19,89","319,53K","-0,35%"
"25.10.2024","20,00","19,75","20,08","19,75","228,99K","1,21%"
"24.10.2024","19,76","19,43","19,92","19,43","330,50K","1,75%"
"23.10.2024","19,42","19,22","19,60","19,22","401,32K","1,04%"
"22.10.2024","19,22","20,16","20,34","19,15","931,41K","-5,88%"
"21.10.2024","20,42","20,84","21,02","20,42","256,84K","-1,83%"
"18.10.2024","20,80","20,14","20,98","20,14","1,26M","2,67%"
"17.10.2024","20,26","20,12","20,80","20,10","441,71K","0,40%"
"16.10.2024","20,18","19,89","20,28","19,88","380,70K","0,50%"
"15.10.2024","20,08","20,10","20,24","19,75","422,15K","0,10%"
"14.10.2024","20,06","20,16","20,18","19,85","352,04K","-0,59%"
"11.10.2024","20,18","19,89","20,28","19,87","440,21K","1,66%"
"10.10.2024","19,85","20,38","20,54","19,79","473,77K","-2,98%"
"09.10.2024","20,46","20,24","20,56","20,22","285,00K","1,09%"
"08.10.2024","20,24","20,08","20,40","20,04","311,75K","0,50%"
"07.10.2024","20,14","20,30","20,36","20,08","265,65K","-0,59%"
"04.10.2024","20,26","20,60","20,72","20,16","289,62K","-1,27%"
"03.10.2024","20,52","20,16","20,70","20,06","480,02K","2,09%"
"02.10.2024","20,10","20,60","20,64","19,90","334,48K","-2,90%"
"01.10.2024","20,70","21,14","21,30","20,68","313,66K","-1,99%"
"30.09.2024","21,12","21,18","21,40","21,00","243,61K","-0,85%"
"27.09.2024","21,30","20,88","21,34","20,88","337,12K","2,40%"
"26.09.2024","20,80","20,80","21,20","20,80","264,46K","-0,19%"
"25.09.2024","20,84","20,84","20,86","20,54","373,57K","0,39%"
"24.09.2024","20,76","20,72","20,82","20,48","195,82K","0,78%"
"23.09.2024","20,60","20,44","20,70","20,42","195,47K","1,08%"
"20.09.2024","20,38","21,12","21,12","20,38","487,13K","-4,05%"
"19.09.2024","21,24","21,92","22,00","21,16","293,17K","-1,67%"
"18.09.2024","21,60","21,66","21,72","21,42","175,50K","-0,28%"
"17.09.2024","21,66","21,88","21,92","21,56","202,65K","0,09%"
"16.09.2024","21,64","21,84","21,96","21,62","","-0,92%"
"13.09.2024","21,84","21,88","22,00","21,76","191,49K","-0,09%"
"12.09.2024","21,86","22,14","22,46","21,86","264,47K","-0,27%"
"11.09.2024","21,92","21,88","22,14","21,62","270,58K","0,46%"
"10.09.2024","21,82","22,14","22,36","21,66","359,72K","-1,18%"
"09.09.2024","22,08","21,74","22,18","21,68","290,49K","2,13%"
"06.09.2024","21,62","21,70","21,86","21,60","310,48K","-0,37%"
"05.09.2024","21,70","20,30","21,76","20,30","473,02K","4,43%"
"04.09.2024","20,78","20,48","20,84","20,30","186,35K","1,07%"
"03.09.2024","20,56","20,68","21,08","20,56","223,38K","-1,15%"
"02.09.2024","20,80","20,74","20,82","20,62","168,43K","-0,57%"
"30.08.2024","20,92","20,72","21,06","20,72","238,44K","1,36%"
"29.08.2024","20,64","20,86","20,86","20,64","159,09K","-0,48%"
"28.08.2024","20,74","20,68","20,84","20,62","159,93K","0,39%"
"27.08.2024","20,66","20,92","21,00","20,48","222,44K","-1,24%"
"26.08.2024","20,92","20,74","20,96","20,58","140,16K","0,67%"
"23.08.2024","20,78","20,66","20,84","20,52","240,09K","0,78%"
"22.08.2024","20,62","20,58","20,84","20,56","135,50K","-0,58%"
"21.08.2024","20,74","20,84","21,00","20,72","259,16K","-0,67%"
"20.08.2024","20,88","20,68","20,88","20,52","255,77K","1,56%"
"19.08.2024","20,56","20,36","20,64","20,36","570,83K","0,98%"
"16.08.2024","20,36","20,30","20,44","20,20","241,25K","0,49%"
"15.08.2024","20,26","20,00","20,40","20,00","223,04K","0,00%"
"14.08.2024","20,26","20,54","20,56","20,08","246,32K","-1,27%"
"13.08.2024","20,52","20,00","20,60","20,00","449,95K","1,89%"
"12.08.2024","20,14","20,20","20,48","20,08","210,76K","-0,30%"
"09.08.2024","20,20","20,14","20,34","19,99","299,40K","0,60%"
"08.08.2024","20,08","19,86","20,08","19,73","223,90K","0,10%"
"07.08.2024","20,06","19,50","20,14","19,50","419,56K","2,87%"
"06.08.2024","19,50","19,39","20,08","19,35","345,13K","0,62%"
"05.08.2024","19,38","19,85","19,94","19,34","581,27K","-2,81%"
"02.08.2024","19,94","19,62","20,08","19,60","360,75K","1,01%"
"01.08.2024","19,74","19,30","20,12","19,30","606,98K","1,49%"
"31.07.2024","19,45","19,22","19,80","19,18","593,18K","2,53%"
"30.07.2024","18,97","18,90","20,00","18,83","705,92K","0,16%"
"29.07.2024","18,94","19,10","19,25","18,88","311,66K","0,21%"
"26.07.2024","18,90","18,21","18,98","18,21","655,24K","2,72%"
"25.07.2024","18,40","18,31","18,53","18,11","334,59K","-0,05%"
"24.07.2024","18,41","18,26","18,61","18,23","238,21K","0,44%"
"23.07.2024","18,33","18,50","18,75","18,27","322,74K","-1,45%"
"22.07.2024","18,60","19,10","19,15","18,60","238,19K","-1,43%"
"19.07.2024","18,87","18,80","19,02","18,62","388,62K","-0,68%"
"18.07.2024","19,00","19,08","19,19","18,87","466,04K","-0,05%"
"17.07.2024","19,01","18,65","19,16","18,58","609,98K","2,54%"
"16.07.2024","18,54","18,61","18,71","18,36","436,38K","-0,86%"
"15.07.2024","18,70","19,45","19,45","18,66","365,77K","-3,86%"
"12.07.2024","19,45","19,57","19,63","19,26","235,44K","-0,36%"
"11.07.2024","19,52","19,10","19,72","18,93","288,69K","3,01%"
"10.07.2024","18,95","18,66","19,05","18,60","205,21K","2,16%"
"09.07.2024","18,55","18,78","19,17","18,55","208,21K","-1,33%"
"08.07.2024","18,80","18,83","19,11","18,69","295,54K","-0,63%"
"05.07.2024","18,92","18,94","19,35","18,60","529,85K","-0,79%"
"04.07.2024","19,07","19,08","19,20","18,95","253,77K","0,00%"
"03.07.2024","19,07","19,17","19,36","18,70","490,02K","-0,10%"
"02.07.2024","19,09","19,50","19,65","19,05","314,71K","-2,75%"
"01.07.2024","19,63","19,61","19,97","19,51","289,53K","2,08%"
"28.06.2024","19,23","19,50","19,66","19,18","280,70K","-1,08%"
"27.06.2024","19,44","19,56","19,80","18,95","338,64K","-0,72%"
"26.06.2024","19,58","19,99","20,16","19,52","266,84K","-2,00%"
"25.06.2024","19,98","20,48","20,48","19,96","234,70K","-0,99%"
"24.06.2024","20,18","19,80","20,26","19,65","804,37K","2,33%"
"21.06.2024","19,72","20,24","20,24","19,70","557,45K","-2,28%"
"20.06.2024","20,18","19,87","20,18","19,72","316,90K","1,31%"
"19.06.2024","19,92","20,52","20,52","19,81","302,16K","-1,58%"
"18.06.2024","20,24","20,10","20,38","19,84","474,48K","-1,46%"
"17.06.2024","20,54","21,24","21,24","20,38","401,01K","-1,53%"
"14.06.2024","20,86","20,70","21,16","20,24","599,44K","1,16%"
"13.06.2024","20,62","20,82","21,14","20,62","1,27M","-2,00%"
"12.06.2024","21,04","20,72","21,54","20,50","304,63K","1,74%"
"11.06.2024","20,68","21,20","21,30","20,68","732,36K","-1,80%"
"10.06.2024","21,06","21,08","21,26","20,90","301,17K","-1,03%"
"07.06.2024","21,28","21,98","21,98","21,08","323,02K","-1,57%"
"06.06.2024","21,62","22,22","22,22","21,40","303,15K","-1,99%"
"05.06.2024","22,06","22,00","22,24","21,92","320,84K","0,46%"
"04.06.2024","21,96","21,80","22,10","21,74","390,87K","0,37%"
"03.06.2024","21,88","21,84","22,10","21,40","428,61K","2,24%"
"31.05.2024","21,40","21,62","21,88","21,30","567,49K","-0,37%"
"30.05.2024","21,48","20,48","21,56","20,48","902,84K","4,88%"
"29.05.2024","20,48","21,22","21,34","20,32","610,49K","-4,30%"
"28.05.2024","21,40","22,08","22,38","21,40","583,75K","-2,90%"
"27.05.2024","22,04","21,02","22,28","21,02","511,51K","4,36%"
"24.05.2024","21,12","21,00","21,40","20,40","829,56K","-5,29%"
"23.05.2024","22,30","22,50","22,62","22,10","460,40K","-0,71%"
"22.05.2024","22,46","21,32","22,78","21,10","664,34K","4,76%"
"21.05.2024","21,44","21,70","21,70","21,32","297,05K","-1,38%"
"20.05.2024","21,74","22,10","22,32","21,70","270,07K","-0,91%"
"17.05.2024","21,94","22,36","22,36","21,94","293,74K","-1,44%"
"16.05.2024","22,26","22,34","22,50","21,90","332,49K","-0,27%"
"15.05.2024","22,32","22,00","22,82","21,94","455,71K","1,00%"
"14.05.2024","22,10","21,54","22,28","21,54","1,35M","1,94%"
"13.05.2024","21,68","21,90","21,92","21,40","305,94K","-0,64%"
"10.05.2024","21,82","21,20","21,96","21,20","518,32K","2,83%"
"09.05.2024","21,22","20,70","21,30","20,48","340,28K","2,51%"
"08.05.2024","20,70","20,70","20,82","20,36","276,51K","0,10%"
"07.05.2024","20,68","20,04","20,72","20,04","298,60K","3,30%"
"06.05.2024","20,02","20,26","20,36","19,80","310,69K","-0,89%"
"03.05.2024","20,20","19,78","20,82","19,70","571,51K","2,96%"
"02.05.2024","19,62","18,96","19,86","18,96","545,31K","2,94%"
"30.04.2024","19,06","19,56","19,67","18,93","434,40K","-2,85%"
"29.04.2024","19,62","19,45","19,73","19,24","347,51K","1,82%"
"26.04.2024","19,27","18,87","19,75","18,87","575,47K","2,72%"
"25.04.2024","18,76","18,81","18,96","18,52","393,71K","-0,95%"
"24.04.2024","18,94","19,31","19,39","18,82","403,48K","-2,32%"
"23.04.2024","19,39","19,34","19,50","19,18","427,88K","0,21%"
"22.04.2024","19,35","19,82","19,87","19,14","338,37K","-0,92%"
"19.04.2024","19,53","20,10","20,14","19,31","1,07M","-2,45%"
"18.04.2024","20,02","20,02","20,14","19,87","440,42K","0,30%"
"17.04.2024","19,96","19,89","20,18","19,58","426,33K","0,05%"
"16.04.2024","19,95","19,32","20,02","19,22","386,34K","1,99%"
"15.04.2024","19,56","19,88","20,04","19,51","446,85K","-2,78%"
"12.04.2024","20,12","20,02","20,46","19,90","333,34K","1,46%"
"11.04.2024","19,83","19,66","20,28","19,48","599,32K","2,43%"
"10.04.2024","19,36","20,02","20,08","19,00","424,24K","-2,71%"
"09.04.2024","19,90","19,73","20,28","19,58","378,23K","0,25%"
"08.04.2024","19,85","19,60","19,99","19,45","546,71K","1,59%"
"05.04.2024","19,54","20,28","20,42","19,52","461,67K","-4,68%"
"04.04.2024","20,50","20,36","20,50","20,04","306,13K","1,49%"
"03.04.2024","20,20","19,98","20,28","19,75","341,84K","1,00%"
"02.04.2024","20,00","20,08","20,62","19,70","605,88K","-0,89%"
"28.03.2024","20,18","20,66","20,66","20,02","602,15K","-0,88%"
"27.03.2024","20,36","19,48","20,72","19,22","724,55K","4,20%"
"26.03.2024","19,54","19,70","19,78","19,43","296,37K","-0,71%"
"25.03.2024","19,68","19,98","19,99","19,61","368,92K","-1,60%"
"22.03.2024","20,00","19,48","20,18","19,38","452,35K","2,30%"
"21.03.2024","19,55","20,00","20,16","19,47","473,85K","-0,71%"
"20.03.2024","19,69","20,00","20,00","19,53","389,05K","-1,30%"
"19.03.2024","19,95","20,00","20,20","19,42","650,44K","-0,65%"
"18.03.2024","20,08","20,20","20,20","19,90","467,76K","-1,18%"
"15.03.2024","20,32","20,40","20,58","20,06","744,87K","-1,07%"
"14.03.2024","20,54","20,26","20,96","20,26","926,81K","1,78%"
"13.03.2024","20,18","20,28","20,70","20,18","478,83K","-0,88%"
"12.03.2024","20,36","21,16","21,16","20,10","758,76K","-2,49%"
"11.03.2024","20,88","20,76","21,28","20,26","620,81K","0,29%"
"08.03.2024","20,82","21,70","21,70","20,76","651,94K","-3,97%"
"07.03.2024","21,68","21,22","21,94","21,20","587,06K","2,17%"
"06.03.2024","21,22","20,88","21,58","20,84","534,55K","0,76%"
"05.03.2024","21,06","20,30","21,18","20,16","632,71K","3,54%"
"04.03.2024","20,34","19,70","20,52","19,69","978,31K","2,78%"
"01.03.2024","19,79","18,85","20,84","18,49","1,60M","3,61%"
"29.02.2024","19,10","19,52","20,16","19,10","12,99M","-2,35%"
"28.02.2024","19,56","20,12","20,12","19,25","636,36K","-2,05%"
"27.02.2024","19,97","19,51","20,14","19,23","549,67K","1,42%"
"26.02.2024","19,69","19,63","19,78","19,23","438,27K","-0,46%"
"23.02.2024","19,78","20,12","20,30","19,57","371,32K","-2,47%"
"22.02.2024","20,28","20,74","20,82","20,00","367,11K","-1,55%"
"21.02.2024","20,60","20,60","20,96","20,42","275,72K","-1,15%"
"20.02.2024","20,84","20,80","21,00","20,38","453,90K","-0,29%"
"19.02.2024","20,90","21,00","21,22","20,80","189,73K","-1,14%"
"16.02.2024","21,14","21,52","21,52","21,04","338,96K","-1,67%"
"15.02.2024","21,50","21,14","21,68","20,90","448,69K","1,80%"
"14.02.2024","21,12","21,46","21,68","21,12","529,39K","-1,77%"
"13.02.2024","21,50","22,14","22,50","21,50","384,45K","-2,89%"
"12.02.2024","22,14","21,58","22,28","21,52","352,02K","2,59%"
"09.02.2024","21,58","22,20","22,20","21,44","844,16K","-3,83%"
"08.02.2024","22,44","23,22","23,40","22,44","571,22K","-3,86%"
"07.02.2024","23,34","23,28","23,52","23,22","395,83K","0,34%"
"06.02.2024","23,26","23,40","23,46","22,64","599,89K","-1,52%"
"05.02.2024","23,62","23,62","24,42","23,60","389,43K","-0,25%"
"02.02.2024","23,68","23,72","24,32","23,66","382,40K","-0,17%"
"01.02.2024","23,72","23,50","24,28","23,30","423,35K","-1,58%"
"31.01.2024","24,10","23,58","24,28","23,52","475,85K","1,86%"
"30.01.2024","23,66","24,28","24,30","23,46","447,53K","-2,71%"
"29.01.2024","24,32","23,96","24,32","23,68","413,50K","1,08%"
"26.01.2024","24,06","24,32","24,44","23,78","343,50K","-0,33%"
"25.01.2024","24,14","24,20","24,46","24,04","221,73K","-0,25%"
"24.01.2024","24,20","24,48","24,74","24,12","325,18K","-0,49%"
"23.01.2024","24,32","23,58","24,38","23,32","413,61K","3,31%"
"22.01.2024","23,54","23,46","23,66","23,14","334,26K","0,60%"
"19.01.2024","23,40","23,70","23,76","23,16","433,00K","-1,18%"
"18.01.2024","23,68","23,04","23,96","22,74","540,31K","2,60%"
"17.01.2024","23,08","23,68","23,68","23,04","508,33K","-4,47%"
"16.01.2024","24,16","24,62","24,62","23,86","462,45K","-2,74%"
"15.01.2024","24,84","25,28","25,48","24,70","287,73K","-2,20%"
"12.01.2024","25,40","25,72","25,76","25,16","302,68K","-0,47%"
"11.01.2024","25,52","25,82","26,14","25,24","397,42K","-0,47%"
"10.01.2024","25,64","25,32","25,64","25,08","353,44K","1,26%"
"09.01.2024","25,32","25,60","25,68","24,80","296,60K","-1,56%"
"08.01.2024","25,72","26,08","26,24","25,56","475,02K","-1,76%"
"05.01.2024","26,18","25,90","26,26","25,44","275,54K","0,85%"
"04.01.2024","25,96","26,38","26,58","25,70","684,18K","-1,22%"
"03.01.2024","26,28","27,20","27,22","26,20","424,51K","-3,31%"
"02.01.2024","27,18","27,96","28,14","27,02","301,08K","-3,21%"
"29.12.2023","28,08","28,26","28,50","27,96","116,31K","-0,57%"
"28.12.2023","28,24","28,44","28,50","28,12","139,34K","-0,35%"
"27.12.2023","28,34","28,02","28,42","27,92","140,25K","2,16%"
"22.12.2023","27,74","28,04","28,08","27,44","186,25K","-0,50%"
"21.12.2023","27,88","27,70","28,26","27,52","496,88K","-0,36%"
"20.12.2023","27,98","27,96","28,32","27,84","305,71K","0,36%"
"19.12.2023","27,88","27,90","28,18","27,52","337,18K","0,07%"
"18.12.2023","27,86","28,32","28,52","27,78","350,16K","-2,86%"
"15.12.2023","28,68","28,10","28,90","28,00","1,08M","2,43%"
"14.12.2023","28,00","27,44","28,36","27,34","491,18K","7,61%"
"13.12.2023","26,02","26,20","26,58","26,02","248,31K","-0,54%"
"12.12.2023","26,16","27,00","27,04","26,16","319,60K","-2,68%"
"11.12.2023","26,88","28,04","28,10","26,82","305,49K","-4,75%"
"08.12.2023","28,22","28,04","28,78","28,04","243,64K","0,36%"
"07.12.2023","28,12","27,58","28,30","27,58","286,92K","1,15%"
"06.12.2023","27,80","27,40","27,80","27,22","241,87K","1,53%"
"05.12.2023","27,38","27,72","27,78","27,20","529,83K","-1,65%"
"04.12.2023","27,84","27,54","28,00","27,54","340,67K","2,13%"
"01.12.2023","27,26","27,26","27,36","26,94","162,84K","0,07%"
"30.11.2023","27,24","26,94","27,24","26,80","1,41M","1,87%"
"29.11.2023","26,74","26,22","27,10","26,22","369,08K","2,30%"
"28.11.2023","26,14","26,06","26,38","26,06","294,97K","0,00%"
"27.11.2023","26,14","26,10","26,34","25,92","328,03K","0,31%"
"24.11.2023","26,06","26,12","26,36","26,00","224,82K","-0,23%"
"23.11.2023","26,12","25,90","26,40","25,86","213,23K","0,85%"
"22.11.2023","25,90","26,00","26,16","25,54","443,19K","-0,54%"
"21.11.2023","26,04","26,94","27,08","26,04","851,80K","-4,69%"
"20.11.2023","27,32","27,48","27,70","27,08","238,02K","0,66%"
"17.11.2023","27,14","27,92","27,92","26,96","464,70K","-2,23%"
"16.11.2023","27,76","27,68","28,00","27,52","324,37K","-0,79%"
"15.11.2023","27,98","27,80","28,92","27,70","421,81K","0,79%"
"14.11.2023","27,76","27,10","27,76","26,50","366,32K","3,20%"
"13.11.2023","26,90","26,60","27,06","26,26","216,37K","1,36%"
"10.11.2023","26,54","26,86","26,86","26,34","272,38K","-1,56%"
"09.11.2023","26,96","26,88","27,10","26,68","245,68K","0,45%"
"08.11.2023","26,84","26,90","27,16","26,72","197,49K","-0,96%"
"07.11.2023","27,10","27,22","27,26","26,92","359,52K","-1,38%"
"06.11.2023","27,48","27,90","27,90","27,38","264,73K","-0,36%"
"03.11.2023","27,58","26,86","28,18","26,82","333,43K","3,06%"
"02.11.2023","26,76","25,76","27,14","25,76","408,04K","4,86%"
"01.11.2023","25,52","25,30","25,52","24,86","271,23K","-0,23%"
"31.10.2023","25,58","25,04","25,72","24,86","295,71K","2,65%"
"30.10.2023","24,92","24,82","25,18","24,62","270,88K","1,14%"
"27.10.2023","24,64","25,00","25,44","24,50","328,48K","-1,28%"
"26.10.2023","24,96","24,80","25,42","24,70","296,85K","-0,64%"
"25.10.2023","25,12","25,90","25,92","24,92","257,85K","-2,33%"
"24.10.2023","25,72","25,18","25,86","25,14","300,26K","2,55%"
"23.10.2023","25,08","25,00","25,16","24,54","272,41K","-0,48%"
"20.10.2023","25,20","25,50","25,50","24,88","738,58K","-1,79%"
"19.10.2023","25,66","26,02","26,42","25,62","498,01K","-2,21%"
"18.10.2023","26,24","25,00","26,74","25,00","702,53K","4,04%"
"17.10.2023","25,22","24,78","25,68","24,76","372,53K","2,11%"
"16.10.2023","24,70","23,98","24,76","23,98","312,60K","1,48%"
"13.10.2023","24,34","24,38","24,76","24,14","243,28K","-0,08%"
"12.10.2023","24,36","25,00","25,10","24,28","307,42K","-2,17%"
"11.10.2023","24,90","24,50","24,96","24,30","319,49K","2,64%"
"10.10.2023","24,26","23,56","24,32","23,54","290,88K","3,59%"
"09.10.2023","23,42","23,22","23,58","23,10","309,39K","1,30%"
"06.10.2023","23,12","23,02","23,26","22,50","459,31K","-0,86%"
"05.10.2023","23,32","23,22","23,54","23,12","340,61K","1,75%"
"04.10.2023","22,92","22,86","23,28","22,72","398,04K","0,53%"
"03.10.2023","22,80","23,82","23,88","22,76","446,98K","-4,76%"
"02.10.2023","23,94","24,52","24,96","23,94","561,46K","-1,89%"
"29.09.2023","24,40","24,00","24,82","23,94","472,19K","2,09%"
"28.09.2023","23,90","24,00","24,46","23,86","404,74K","-0,42%"
"27.09.2023","24,00","24,94","25,06","23,94","442,58K","-2,83%"
"26.09.2023","24,70","24,56","25,12","24,42","325,61K","-0,24%"
"25.09.2023","24,76","25,50","25,54","24,50","403,12K","-2,90%"
"22.09.2023","25,50","25,86","26,06","25,48","176,06K","-1,39%"
"21.09.2023","25,86","26,54","26,70","25,66","367,03K","-1,67%"
"20.09.2023","26,30","26,06","26,44","25,94","259,85K","1,62%"
"19.09.2023","25,88","26,02","26,22","25,86","323,08K","-0,15%"
"18.09.2023","25,92","26,34","26,44","25,88","233,52K","-2,11%"
"15.09.2023","26,48","26,78","26,82","26,32","1,12M","-0,60%"
"14.09.2023","26,64","26,22","26,64","26,16","258,91K","1,06%"
"13.09.2023","26,36","26,22","26,48","26,02","261,06K","0,08%"
"12.09.2023","26,34","26,84","26,92","26,32","270,76K","-1,64%"
"11.09.2023","26,78","26,76","26,84","26,38","270,10K","0,90%"
"08.09.2023","26,54","26,10","26,72","26,08","341,88K","2,63%"
"07.09.2023","25,86","25,94","26,08","25,66","364,74K","-0,46%"
"06.09.2023","25,98","25,76","26,02","24,84","337,77K","0,39%"
"05.09.2023","25,88","26,06","26,28","25,88","297,35K","-0,92%"
"04.09.2023","26,12","26,90","27,00","26,08","338,51K","-3,04%"
"01.09.2023","26,94","27,40","27,50","26,78","290,05K","-1,82%"
"31.08.2023","27,44","27,24","27,58","27,16","818,73K","0,88%"
"30.08.2023","27,20","27,94","27,96","27,06","506,22K","-2,58%"
"29.08.2023","27,92","26,40","28,16","26,06","743,15K","5,20%"
"28.08.2023","26,54","26,04","26,74","26,04","22,49K","2,00%"
"25.08.2023","26,02","25,78","26,16","25,62","216,11K","0,54%"
"24.08.2023","25,88","25,94","26,10","25,76","335,92K","0,39%"
"23.08.2023","25,78","25,76","26,38","25,72","214,33K","0,62%"
"22.08.2023","25,62","25,14","25,76","25,14","286,72K","1,91%"
"21.08.2023","25,14","25,54","25,58","25,14","331,14K","-1,64%"
"18.08.2023","25,56","25,24","25,82","25,10","289,75K","1,35%"
"17.08.2023","25,22","26,08","26,08","25,22","284,60K","-3,67%"
"16.08.2023","26,18","26,26","26,54","26,16","181,40K","-0,38%"
"15.08.2023","26,28","26,84","26,84","26,14","175,43K","-2,30%"
"14.08.2023","26,90","27,36","27,36","26,78","228,22K","-1,68%"
"11.08.2023","27,36","27,88","28,02","27,30","207,74K","-1,01%"
"10.08.2023","27,64","27,34","27,76","27,28","219,69K","1,47%"
"09.08.2023","27,24","27,64","27,64","27,06","180,14K","0,07%"
"08.08.2023","27,22","27,28","27,60","27,22","211,35K","-0,58%"
"07.08.2023","27,38","27,60","27,78","27,26","165,86K","-1,30%"
"04.08.2023","27,74","27,66","27,86","27,48","212,33K","0,36%"
"03.08.2023","27,64","27,62","27,80","27,26","179,75K","-0,22%"
"02.08.2023","27,70","28,12","28,22","27,70","264,71K","-2,12%"
"01.08.2023","28,30","28,68","28,74","28,26","222,53K","-1,12%"
"31.07.2023","28,62","28,34","29,02","28,30","291,84K","-0,62%"
"28.07.2023","28,80","28,98","29,78","28,62","337,34K","-1,17%"
"27.07.2023","29,14","30,00","30,00","29,14","238,92K","-2,35%"
"26.07.2023","29,84","29,00","29,96","28,90","305,91K","2,33%"
"25.07.2023","29,16","28,92","29,16","28,46","323,07K","0,55%"
"24.07.2023","29,00","28,44","29,24","28,44","243,08K","0,28%"
"21.07.2023","28,92","28,86","29,10","28,70","451,62K","-0,41%"
"20.07.2023","29,04","29,32","29,60","28,98","259,86K","-0,95%"
"19.07.2023","29,32","29,34","30,14","29,32","425,05K","0,07%"
"18.07.2023","29,30","29,34","29,40","29,14","264,03K","0,48%"
"17.07.2023","29,16","28,96","29,26","28,90","238,59K","0,83%"
"14.07.2023","28,92","28,74","29,06","28,68","248,05K","0,56%"
"13.07.2023","28,76","28,52","28,86","28,48","280,18K","1,63%"
"12.07.2023","28,30","28,42","28,46","27,82","302,41K","-0,21%"
"11.07.2023","28,36","27,80","28,42","27,80","277,27K","2,68%"
"10.07.2023","27,62","27,74","27,90","27,52","237,75K","-1,43%"
"07.07.2023","28,02","27,60","28,06","27,14","358,41K","1,08%"
"06.07.2023","27,72","28,00","28,40","27,70","447,89K","-1,42%"
"05.07.2023","28,12","29,34","29,34","28,10","372,00K","-4,16%"
"04.07.2023","29,34","29,80","29,80","29,22","281,22K","-1,34%"
"03.07.2023","29,74","28,92","30,36","28,74","433,94K","-2,87%"
"30.06.2023","30,62","30,94","31,10","30,26","497,30K","-1,03%"
"29.06.2023","30,94","31,00","31,16","30,66","171,08K","-0,39%"
"28.06.2023","31,06","31,04","31,14","30,72","260,41K","-0,13%"
"27.06.2023","31,10","30,92","31,22","30,78","292,99K","1,04%"
"26.06.2023","30,78","29,88","30,86","29,84","378,64K","2,74%"
"23.06.2023","29,96","30,80","30,80","29,96","228,95K","-3,54%"
"22.06.2023","31,06","31,44","31,48","30,82","230,31K","-1,77%"
"21.06.2023","31,62","32,12","32,12","31,62","202,64K","-1,43%"
"20.06.2023","32,08","31,56","32,26","31,56","228,28K","1,45%"
"19.06.2023","31,62","31,84","31,94","31,56","305,40K","-1,25%"
"16.06.2023","32,02","31,80","32,32","31,80","540,89K","0,69%"
"15.06.2023","31,80","31,46","31,96","31,32","305,68K","0,89%"
"14.06.2023","31,52","31,60","31,84","31,44","287,87K","-0,51%"
"13.06.2023","31,68","31,80","31,88","31,44","462,38K","-2,04%"
"12.06.2023","32,34","32,28","32,92","32,26","361,36K","0,31%"
"09.06.2023","32,24","31,54","32,36","31,46","253,15K","2,22%"
"08.06.2023","31,54","31,34","31,72","31,12","267,87K","0,32%"
"07.06.2023","31,44","31,74","32,06","31,40","291,00K","-1,81%"
"06.06.2023","32,02","32,00","32,06","31,64","203,39K","-0,31%"
"05.06.2023","32,12","32,02","32,22","31,76","220,51K","0,50%"
"02.06.2023","31,96","31,54","31,98","31,48","267,40K","1,78%"
"01.06.2023","31,40","31,70","31,70","30,90","291,14K","0,90%"
"31.05.2023","31,12","31,40","31,44","30,54","2,55M","-0,58%"
"30.05.2023","31,30","31,62","31,72","31,22","481,49K","-1,01%"
"29.05.2023","31,62","31,30","31,84","30,86","141,60K","1,02%"
"26.05.2023","31,30","31,72","31,72","31,04","278,43K","-0,63%"
"25.05.2023","31,50","32,16","32,36","31,50","374,37K","-1,93%"
"24.05.2023","32,12","31,62","32,20","31,40","322,58K","1,26%"
"23.05.2023","31,72","31,80","32,00","31,46","270,67K","-0,13%"
"22.05.2023","31,76","31,14","31,80","31,14","437,27K","2,06%"
"19.05.2023","31,12","30,98","31,28","30,74","246,75K","0,84%"
"18.05.2023","30,86","31,32","31,36","30,76","243,99K","-0,77%"
"17.05.2023","31,10","31,90","31,92","31,10","310,77K","-3,12%"
"16.05.2023","32,10","32,28","32,72","32,06","326,86K","-1,11%"
"15.05.2023","32,46","32,10","32,74","32,08","186,79K","1,12%"
"12.05.2023","32,10","33,10","33,36","31,66","331,92K","-4,52%"
"11.05.2023","33,62","33,50","33,90","33,44","297,51K","0,06%"
"10.05.2023","33,60","33,18","33,80","32,96","371,47K","2,13%"
"09.05.2023","32,90","33,08","33,08","32,68","384,12K","-0,66%"
"08.05.2023","33,12","32,82","33,20","32,60","246,57K","1,22%"
"05.05.2023","32,72","32,66","32,76","32,22","171,47K","0,99%"
"04.05.2023","32,40","31,68","32,40","31,62","240,24K","1,76%"
"03.05.2023","31,84","32,26","32,60","31,68","454,89K","-1,85%"
"02.05.2023","32,44","32,58","32,88","32,06","631,55K","-0,37%"
"28.04.2023","32,56","33,06","33,18","32,44","357,05K","-1,75%"
"27.04.2023","33,14","32,80","33,14","32,52","257,71K","0,79%"
"26.04.2023","32,88","33,14","33,28","32,62","213,45K","-0,72%"
"25.04.2023","33,12","32,70","33,12","32,34","315,16K","1,41%"
"24.04.2023","32,66","33,04","33,20","32,60","328,47K","-0,91%"
"21.04.2023","32,96","32,98","33,24","32,76","677,93K","0,49%"
"20.04.2023","32,80","33,28","33,32","32,36","255,27K","-1,20%"
"19.04.2023","33,20","32,72","33,32","32,68","571,81K","1,59%"
"18.04.2023","32,68","34,06","34,60","32,60","549,79K","-4,28%"
"17.04.2023","34,14","34,20","34,72","34,12","374,69K","0,35%"
"14.04.2023","34,02","35,18","35,18","33,96","335,46K","-2,13%"
"13.04.2023","34,76","34,34","35,02","34,34","291,12K","0,35%"
"12.04.2023","34,64","34,66","34,80","34,40","321,05K","0,52%"
"11.04.2023","34,46","36,34","36,34","33,92","356,21K","-4,33%"
"06.04.2023","36,02","35,90","36,30","35,66","210,61K","1,01%"
"05.04.2023","35,66","35,56","36,08","35,50","337,64K","-0,67%"
"04.04.2023","35,90","35,70","36,16","35,62","255,17K","1,01%"
"03.04.2023","35,54","36,00","36,10","35,14","274,68K","-0,62%"
"31.03.2023","35,76","35,26","35,78","34,90","377,51K","2,05%"
"30.03.2023","35,04","34,44","35,22","34,44","220,76K","1,33%"
"29.03.2023","34,58","34,38","34,58","33,94","268,04K","0,76%"
"28.03.2023","34,32","34,60","34,62","34,12","209,49K","-0,69%"
"27.03.2023","34,56","34,64","34,86","34,36","301,29K","0,41%"
"24.03.2023","34,42","34,88","34,88","34,24","268,90K","-1,60%"
"23.03.2023","34,98","35,26","35,26","34,44","281,07K","1,04%"
"22.03.2023","34,62","35,30","35,30","34,34","239,27K","-1,65%"
"21.03.2023","35,20","35,00","35,30","34,84","169,19K","0,80%"
"20.03.2023","34,92","33,92","35,02","33,72","327,67K","2,28%"
"17.03.2023","34,14","35,14","35,32","33,96","734,35K","-2,79%"
"16.03.2023","35,12","34,88","35,28","34,64","281,96K","1,50%"
"15.03.2023","34,60","35,28","35,52","34,56","360,12K","-1,70%"
"14.03.2023","35,20","34,40","35,50","34,36","391,93K","2,15%"
"13.03.2023","34,46","34,32","34,60","33,66","365,62K","0,47%"
"10.03.2023","34,30","34,42","34,78","34,04","260,61K","-1,04%"
"09.03.2023","34,66","34,98","34,98","34,26","200,38K","-0,46%"
"08.03.2023","34,82","34,62","34,86","34,24","256,36K","0,52%"
"07.03.2023","34,64","33,88","34,90","33,84","470,00K","2,49%"
"06.03.2023","33,80","35,24","35,24","33,72","427,60K","-3,37%"
"03.03.2023","34,98","35,16","35,32","34,74","298,61K","0,06%"
"02.03.2023","34,96","35,52","35,76","34,64","327,88K","-2,02%"
"01.03.2023","35,68","36,28","36,44","35,50","421,52K","-2,57%"
"28.02.2023","36,62","36,56","36,98","34,62","2,35M","1,38%"
"27.02.2023","36,12","36,20","36,52","36,02","255,48K","-0,50%"
"24.02.2023","36,30","36,52","37,02","36,24","265,13K","-0,33%"
"23.02.2023","36,42","36,90","36,92","36,16","280,11K","-0,76%"
"22.02.2023","36,70","37,30","37,32","36,46","274,65K","-1,87%"
"21.02.2023","37,40","37,38","37,90","37,12","240,20K","-1,27%"
"20.02.2023","37,88","38,24","38,50","37,88","159,87K","-0,32%"
"17.02.2023","38,00","37,10","38,38","37,00","388,21K","1,88%"
"16.02.2023","37,30","37,46","37,70","37,06","295,95K","-0,16%"
"15.02.2023","37,36","37,26","37,52","37,06","159,41K","0,27%"
"14.02.2023","37,26","37,80","37,96","37,22","195,95K","-1,38%"
"13.02.2023","37,78","37,54","37,92","37,18","214,96K","0,48%"
"10.02.2023","37,60","36,90","37,60","36,88","232,71K","1,29%"
"09.02.2023","37,12","37,70","37,76","36,92","178,94K","-0,75%"
"08.02.2023","37,40","37,12","37,62","37,04","271,49K","1,36%"
"07.02.2023","36,90","36,88","37,12","36,56","154,54K","-0,16%"
"06.02.2023","36,96","36,58","37,02","36,58","270,47K","0,93%"
"03.02.2023","36,62","37,32","37,32","36,10","354,19K","-2,14%"
"02.02.2023","37,42","36,52","37,50","36,30","421,49K","2,18%"
"01.02.2023","36,62","37,40","37,48","36,54","267,21K","-2,40%"
"31.01.2023","37,52","36,70","37,68","36,56","346,94K","2,29%"
"30.01.2023","36,68","37,16","37,16","36,38","273,46K","-1,50%"
"27.01.2023","37,24","37,30","37,54","37,14","470,67K","-0,11%"
"26.01.2023","37,28","37,64","37,76","37,10","186,68K","-0,53%"
"25.01.2023","37,48","37,22","37,64","36,94","193,98K","0,59%"
"24.01.2023","37,26","37,34","37,58","37,04","172,35K","-1,06%"
"23.01.2023","37,66","37,80","38,02","37,20","257,65K","-0,84%"
"20.01.2023","37,98","37,98","38,68","37,86","904,47K","-0,84%"
"19.01.2023","38,30","38,68","38,74","37,78","274,08K","-0,98%"
"18.01.2023","38,68","38,56","38,98","38,48","243,86K","-0,26%"
"17.01.2023","38,78","38,22","38,78","37,98","295,15K","2,48%"
"16.01.2023","37,84","37,92","38,48","37,68","226,23K","0,32%"
"13.01.2023","37,72","37,32","37,92","37,16","288,25K","0,75%"
"12.01.2023","37,44","37,14","37,96","37,06","320,09K","1,30%"
"11.01.2023","36,96","36,14","37,18","35,76","364,14K","2,55%"
"10.01.2023","36,04","35,20","36,20","35,20","278,00K","1,64%"
"09.01.2023","35,46","35,48","35,92","35,24","329,62K","0,45%"
"06.01.2023","35,30","34,70","35,44","34,58","249,86K","1,85%"
"05.01.2023","34,66","35,24","35,50","34,56","340,64K","-1,65%"
"04.01.2023","35,24","35,90","35,96","35,24","292,04K","-1,40%"
"03.01.2023","35,74","36,12","36,64","35,62","268,42K","-0,67%"
"02.01.2023","35,98","36,36","36,36","35,48","179,92K","-0,44%"
"30.12.2022","36,14","36,12","36,32","35,90","199,62K","-0,28%"
"29.12.2022","36,24","36,36","36,60","35,52","174,10K","1,40%"
"28.12.2022","35,74","35,94","36,10","35,60","170,32K","-0,61%"
"27.12.2022","35,96","36,38","36,60","35,94","119,03K","-0,77%"
"23.12.2022","36,24","37,18","37,18","36,02","199,66K","-1,58%"
"22.12.2022","36,82","37,34","37,48","36,80","206,71K","-1,07%"
"21.12.2022","37,22","36,80","37,36","36,80","250,77K","1,64%"
"20.12.2022","36,62","36,98","37,14","36,56","238,24K","-1,72%"
"19.12.2022","37,26","36,88","37,34","36,68","145,54K","1,25%"
"16.12.2022","36,80","36,98","37,34","36,48","430,00K","-0,59%"
"15.12.2022","37,02","37,42","37,66","36,82","330,57K","-1,07%"
"14.12.2022","37,42","37,00","37,46","36,84","300,72K","1,03%"
"13.12.2022","37,04","37,28","37,72","36,02","378,80K","-0,48%"
"12.12.2022","37,22","36,32","37,50","36,32","295,56K","2,08%"
"09.12.2022","36,46","36,44","36,54","35,96","238,77K","0,11%"
"08.12.2022","36,42","37,34","37,36","36,40","349,18K","-2,52%"
"07.12.2022","37,36","37,20","37,62","37,06","189,79K","0,11%"
"06.12.2022","37,32","37,30","37,58","37,14","199,58K","0,11%"
"05.12.2022","37,28","37,06","37,36","36,82","299,74K","0,27%"
"02.12.2022","37,18","37,20","37,66","36,80","340,97K","-2,00%"
"01.12.2022","37,94","38,14","38,56","37,78","390,26K","0,21%"
"30.11.2022","37,86","36,08","37,86","36,08","6,58M","5,99%"
"29.11.2022","35,72","36,32","36,64","35,34","375,84K","-3,51%"
"28.11.2022","37,02","37,90","37,96","36,96","258,81K","-2,01%"
"25.11.2022","37,78","37,84","38,04","37,56","200,16K","-0,53%"
"24.11.2022","37,98","37,76","38,22","37,76","161,03K","0,58%"
"23.11.2022","37,76","37,68","37,92","37,02","231,45K","0,80%"
"22.11.2022","37,46","37,34","37,78","37,22","275,94K","0,64%"
"21.11.2022","37,22","37,92","38,06","37,10","292,00K","-2,05%"
"18.11.2022","38,00","38,68","38,74","37,38","285,20K","-0,94%"
"17.11.2022","38,36","38,44","38,70","37,94","218,46K","-0,21%"
"16.11.2022","38,44","39,42","39,58","38,32","218,91K","-1,18%"
"15.11.2022","38,90","38,90","39,40","38,22","309,42K","1,04%"
"14.11.2022","38,50","39,18","39,34","38,24","310,27K","-1,89%"
"11.11.2022","39,24","41,50","41,68","38,58","329,08K","-4,85%"
"10.11.2022","41,24","40,04","41,46","39,26","542,60K","4,41%"
"09.11.2022","39,50","39,72","40,28","39,38","640,85K","-1,15%"
"08.11.2022","39,96","39,20","40,28","38,52","164,19K","0,10%"
"07.11.2022","39,92","39,46","40,54","39,46","126,68K","0,05%"
"04.11.2022","39,90","41,14","41,30","39,66","225,34K","-2,49%"
"03.11.2022","40,92","40,74","41,00","40,28","201,20K","0,24%"
"02.11.2022","40,82","40,56","40,96","40,00","201,51K","0,84%"
"01.11.2022","40,48","40,06","40,98","40,06","161,96K","1,81%"
"31.10.2022","39,76","39,14","39,88","39,14","147,76K","0,81%"
"28.10.2022","39,44","39,30","39,50","38,92","198,97K","0,31%"
"27.10.2022","39,32","38,82","39,56","38,34","173,06K","1,13%"
"26.10.2022","38,88","37,96","38,92","37,68","219,67K","2,53%"
"25.10.2022","37,92","37,10","38,14","37,10","166,57K","1,99%"
"24.10.2022","37,18","36,46","37,78","36,40","176,05K","2,42%"
"21.10.2022","36,30","36,50","36,64","36,08","492,98K","-1,25%"
"20.10.2022","36,76","36,76","36,78","36,22","187,93K","0,16%"
"19.10.2022","36,70","37,08","37,08","36,20","190,87K","-0,81%"
"18.10.2022","37,00","37,32","37,32","36,18","284,45K","-0,43%"
"17.10.2022","37,16","36,78","37,20","36,18","282,24K","1,86%"
"14.10.2022","36,48","37,76","38,18","36,30","411,92K","-0,60%"
"13.10.2022","36,70","36,76","36,76","35,80","334,20K","-0,43%"
"12.10.2022","36,86","38,62","38,62","36,38","341,43K","-4,66%"
"11.10.2022","38,66","39,18","39,48","37,82","218,77K","-1,83%"
"10.10.2022","39,38","38,82","39,44","38,14","217,89K","-1,10%"
"07.10.2022","39,82","40,00","40,60","39,44","191,00K","-0,35%"
"06.10.2022","39,96","40,04","40,16","39,48","200,77K","0,35%"
"05.10.2022","39,82","39,84","40,40","39,38","240,53K","-0,80%"
"04.10.2022","40,14","39,76","40,30","39,50","273,03K","2,98%"
"03.10.2022","38,98","38,00","39,24","37,94","195,91K","1,62%"
"30.09.2022","38,36","39,02","39,06","38,20","371,86K","0,26%"
"29.09.2022","38,26","39,36","39,66","37,90","228,54K","-2,75%"
"28.09.2022","39,34","39,24","39,74","38,64","305,61K","0,10%"
"27.09.2022","39,30","38,74","39,70","38,58","363,67K","1,92%"
"26.09.2022","38,56","39,84","39,84","38,02","228,23K","-2,08%"
"23.09.2022","39,38","39,40","39,74","38,02","474,40K","-1,99%"
"22.09.2022","40,18","41,22","41,22","40,00","196,59K","-3,27%"
"21.09.2022","41,54","40,36","41,54","40,12","189,51K","2,77%"
"20.09.2022","40,42","40,34","41,38","40,32","262,38K","-1,94%"
"19.09.2022","41,22","41,86","42,34","40,28","189,96K","-1,76%"
"16.09.2022","41,96","41,98","42,40","41,30","921,34K","0,82%"
"15.09.2022","41,62","41,30","42,04","41,26","185,48K","0,19%"
"14.09.2022","41,54","41,02","42,00","40,90","227,79K","0,53%"
"13.09.2022","41,32","41,60","42,22","41,16","254,71K","-0,43%"
"12.09.2022","41,50","42,32","42,34","40,94","269,59K","-1,61%"
"09.09.2022","42,18","42,50","43,04","41,44","246,88K","-1,13%"
"08.09.2022","42,66","42,14","42,70","41,46","391,40K","2,65%"
"07.09.2022","41,56","39,68","42,20","39,40","314,76K","4,37%"
"06.09.2022","39,82","39,34","40,46","39,34","163,21K","-0,45%"
"05.09.2022","40,00","39,30","40,36","38,80","207,84K","-1,28%"
"02.09.2022","40,52","42,24","42,24","39,92","220,46K","-3,06%"
"01.09.2022","41,80","41,60","42,66","41,28","289,78K","0,87%"
"31.08.2022","41,44","42,72","42,72","41,36","234,56K","-0,43%"
"30.08.2022","41,62","41,74","42,80","41,50","201,91K","-1,09%"
"29.08.2022","42,08","43,12","43,12","41,94","161,95K","-3,26%"
"26.08.2022","43,50","44,16","44,20","43,40","213,36K","0,05%"
"25.08.2022","43,48","43,28","43,98","43,28","211,00K","0,65%"
"24.08.2022","43,20","42,70","43,62","42,34","204,07K","1,79%"
"23.08.2022","42,44","42,50","42,76","42,22","118,00K","-1,03%"
"22.08.2022","42,88","42,00","42,94","41,80","128,05K","1,13%"
"19.08.2022","42,40","42,70","42,80","42,28","119,27K","-0,47%"
"18.08.2022","42,60","42,50","42,70","42,24","146,47K","0,05%"
"17.08.2022","42,58","42,60","42,68","42,28","121,39K","0,80%"
"16.08.2022","42,24","42,00","42,40","41,64","162,92K","1,34%"
"15.08.2022","41,68","41,46","42,02","41,42","198,35K","1,41%"
"12.08.2022","41,10","41,26","41,88","40,92","193,10K","-0,15%"
"11.08.2022","41,16","41,26","41,84","40,92","292,25K","-0,72%"
"10.08.2022","41,46","41,50","41,74","41,32","152,52K","0,00%"
"09.08.2022","41,46","41,92","41,92","41,14","202,48K","-0,58%"
"08.08.2022","41,70","42,02","42,22","41,60","201,22K","0,14%"
"05.08.2022","41,64","42,20","42,28","41,44","249,23K","-1,23%"
"04.08.2022","42,16","42,40","43,06","42,00","163,07K","-3,48%"
"03.08.2022","43,68","43,16","43,92","43,16","171,77K","0,88%"
"02.08.2022","43,30","42,76","43,54","42,36","167,94K","1,07%"
"01.08.2022","42,84","43,00","43,44","42,58","183,89K","0,23%"
"29.07.2022","42,74","42,50","43,74","42,08","313,50K","0,94%"
"28.07.2022","42,34","42,60","42,74","39,16","423,53K","1,29%"
"27.07.2022","41,80","41,30","41,92","40,84","227,01K","2,10%"
"26.07.2022","40,94","40,00","41,30","39,92","242,65K","3,18%"
"25.07.2022","39,68","39,08","39,84","38,90","148,10K","0,56%"
"22.07.2022","39,46","38,96","39,58","38,34","178,36K","2,49%"
"21.07.2022","38,50","38,22","39,18","38,22","229,95K","-1,23%"
"20.07.2022","38,98","39,02","39,32","38,32","158,92K","-0,86%"
"19.07.2022","39,32","39,90","40,10","39,06","425,95K","-1,35%"
"18.07.2022","39,86","39,50","40,28","38,94","175,89K","2,63%"
"15.07.2022","38,84","37,70","39,12","37,66","559,42K","3,57%"
"14.07.2022","37,50","39,06","39,32","37,40","267,22K","-3,80%"
"13.07.2022","38,98","39,00","39,34","38,78","284,73K","-0,97%"
"12.07.2022","39,36","40,00","40,18","38,96","155,51K","-1,06%"
"11.07.2022","39,78","39,60","40,42","39,58","180,23K","0,45%"
"08.07.2022","39,60","39,20","39,82","39,18","234,05K","1,23%"
"07.07.2022","39,12","38,38","39,20","38,32","235,00K","2,25%"
"06.07.2022","38,26","38,38","38,60","37,78","231,50K","1,65%"
"05.07.2022","37,64","38,40","38,40","37,64","225,71K","-0,95%"
"04.07.2022","38,00","38,08","38,34","37,84","226,65K","1,12%"
"01.07.2022","37,58","36,84","37,80","36,42","218,13K","2,18%"
"30.06.2022","36,78","35,78","36,84","35,38","197,86K","2,68%"
"29.06.2022","35,82","36,86","36,86","35,46","181,59K","-2,02%"
"28.06.2022","36,56","35,74","36,68","35,74","244,10K","1,95%"
"27.06.2022","35,86","35,10","35,96","35,06","207,44K","1,07%"
"24.06.2022","35,48","35,34","35,62","34,46","187,32K","4,05%"
"23.06.2022","34,10","34,40","34,46","33,16","169,42K","1,07%"
"22.06.2022","33,74","34,28","34,34","33,38","192,73K","-2,54%"
"21.06.2022","34,62","35,40","35,40","34,56","224,55K","-2,15%"
"20.06.2022","35,38","35,30","35,66","35,00","180,36K","2,08%"
"17.06.2022","34,66","34,00","35,30","34,00","1,35M","1,11%"
"16.06.2022","34,28","36,00","36,00","34,28","117,52K","-0,81%"
"15.06.2022","34,56","34,44","35,28","33,98","271,48K","-0,46%"
"14.06.2022","34,72","35,52","35,94","34,40","110,64K","-1,70%"
"13.06.2022","35,32","35,50","36,00","35,00","95,74K","-1,73%"
"10.06.2022","35,94","37,48","37,48","35,52","353,58K","-3,54%"
"09.06.2022","37,26","38,04","38,88","37,02","241,92K","-3,27%"
"08.06.2022","38,52","38,42","38,58","37,90","201,70K","0,94%"
"07.06.2022","38,16","37,78","38,34","37,46","162,77K","1,65%"
"06.06.2022","37,54","37,56","37,60","37,00","64,48K","0,70%"
"03.06.2022","37,28","37,30","37,58","37,08","98,78K","1,53%"
"02.06.2022","36,72","35,62","37,36","35,62","143,32K","1,89%"
"01.06.2022","36,04","36,78","36,78","35,88","110,30K","-0,93%"
"31.05.2022","36,38","36,40","36,90","36,24","135,11K","-0,60%"
"30.05.2022","36,60","36,32","36,90","36,14","65,43K","-0,22%"
"27.05.2022","36,68","36,88","37,00","36,50","143,41K","-0,54%"
"26.05.2022","36,88","36,88","37,56","36,68","95,48K","-0,05%"
"25.05.2022","36,90","37,14","37,88","36,02","298,77K","-0,81%"
"24.05.2022","37,20","37,78","37,78","36,66","92,76K","0,11%"
"23.05.2022","37,16","37,28","37,54","36,50","146,70K","-0,69%"
"20.05.2022","37,42","36,90","37,74","36,90","179,34K","1,96%"
"19.05.2022","36,70","35,66","36,84","35,16","268,11K","3,26%"
"18.05.2022","35,54","34,94","36,22","34,50","278,52K","3,07%"
"17.05.2022","34,48","34,98","34,98","33,92","134,38K","0,94%"
"16.05.2022","34,16","34,20","34,48","33,92","104,82K","0,83%"
"13.05.2022","33,88","32,58","34,18","32,58","108,41K","2,79%"
"12.05.2022","32,96","33,84","33,90","32,50","156,28K","-3,23%"
"11.05.2022","34,06","34,86","34,86","32,74","120,20K","3,40%"
"10.05.2022","32,94","33,20","33,50","32,34","91,32K","0,49%"
"09.05.2022","32,78","33,50","33,78","32,54","125,64K","-3,59%"
"06.05.2022","34,00","33,00","34,08","32,76","178,89K","0,53%"
"05.05.2022","33,82","34,76","34,84","33,70","98,58K","-1,00%"
"04.05.2022","34,16","34,00","34,56","33,54","99,05K","0,41%"
"03.05.2022","34,02","34,78","34,78","33,50","129,43K","-1,28%"
"02.05.2022","34,46","35,40","35,58","34,00","137,61K","-2,60%"
"29.04.2022","35,38","35,06","35,44","34,60","134,37K","1,03%"
"28.04.2022","35,02","34,80","35,26","34,34","93,90K","1,86%"
"27.04.2022","34,38","34,38","34,38","33,58","135,47K","1,42%"
"26.04.2022","33,90","34,66","34,70","33,62","140,63K","-2,02%"
"25.04.2022","34,60","34,04","35,08","34,04","161,41K","0,58%"
"22.04.2022","34,40","34,06","35,52","34,06","1,28M","-1,43%"
"21.04.2022","34,90","34,90","35,24","34,56","223,34K","0,23%"
"20.04.2022","34,82","35,06","35,10","34,28","171,48K","1,40%"
"19.04.2022","34,34","34,86","34,92","33,96","158,75K","-2,22%"
"14.04.2022","35,12","36,30","36,30","35,00","255,96K","-1,90%"
"13.04.2022","35,80","35,18","36,20","34,90","250,74K","3,17%"
"12.04.2022","34,70","34,84","35,06","34,28","180,98K","0,23%"
"11.04.2022","34,62","35,82","37,00","34,32","324,06K","-1,54%"
"08.04.2022","35,16","36,00","36,00","34,84","216,43K","-0,45%"
"07.04.2022","35,32","35,78","36,90","35,04","701,91K","-1,89%"
"06.04.2022","36,00","34,20","36,00","34,16","250,84K","3,33%"
"05.04.2022","34,84","34,44","35,72","34,22","194,26K","1,69%"
"04.04.2022","34,26","33,66","34,30","33,18","137,70K","3,32%"
"01.04.2022","33,16","33,00","33,56","32,84","130,48K","-1,01%"
"31.03.2022","33,50","33,60","33,69","32,74","146,62K","-0,59%"
"30.03.2022","33,70","32,33","33,97","32,33","215,74K","3,79%"
"29.03.2022","32,47","33,75","33,75","32,21","210,47K","-2,96%"
"28.03.2022","33,46","32,85","33,81","32,70","267,34K","3,27%"
"25.03.2022","32,40","32,95","33,20","32,21","138,72K","-0,98%"
"24.03.2022","32,72","32,00","32,74","31,94","225,28K","2,96%"
"23.03.2022","31,78","33,50","33,50","31,68","170,16K","-3,81%"
"22.03.2022","33,04","32,00","33,29","31,99","97,32K","3,25%"
"21.03.2022","32,00","33,21","33,31","32,00","137,40K","-3,99%"
"18.03.2022","33,33","32,40","33,33","32,20","558,36K","2,87%"
"17.03.2022","32,40","32,60","32,72","31,88","67,69K","1,60%"
"16.03.2022","31,89","32,00","32,53","31,50","85,78K","1,11%"
"15.03.2022","31,54","32,00","32,00","30,84","116,68K","-0,03%"
"14.03.2022","31,55","32,38","32,44","30,93","173,92K","-2,56%"
"11.03.2022","32,38","31,90","33,42","31,68","274,98K","1,19%"
"10.03.2022","32,00","31,66","32,50","31,17","434,52K","1,07%"
"09.03.2022","31,66","30,90","31,94","30,52","512,97K","4,49%"
"08.03.2022","30,30","28,70","30,50","28,70","229,30K","4,52%"
"07.03.2022","28,99","27,98","29,64","27,00","214,89K","4,36%"
"04.03.2022","27,78","28,01","28,69","27,33","289,01K","-1,14%"
"03.03.2022","28,10","27,99","28,76","27,61","304,41K","1,22%"
"02.03.2022","27,76","29,80","29,80","27,50","306,01K","-3,24%"
"01.03.2022","28,69","30,13","30,68","28,61","171,26K","-4,75%"
"28.02.2022","30,12","29,86","30,62","29,12","462,10K","1,96%"
"25.02.2022","29,54","29,80","30,00","28,30","257,62K","-0,84%"
"24.02.2022","29,79","26,00","31,32","26,00","604,36K","9,04%"
"23.02.2022","27,32","27,44","28,08","27,11","126,78K","1,19%"
"22.02.2022","27,00","26,54","28,09","26,00","121,11K","-1,21%"
"21.02.2022","27,33","27,77","27,78","27,13","164,48K","-0,26%"
"18.02.2022","27,40","27,57","27,79","27,36","85,73K","-0,72%"
"17.02.2022","27,60","27,35","27,85","27,30","59,37K","0,99%"
"16.02.2022","27,33","27,80","28,06","27,14","76,50K","-1,51%"
"15.02.2022","27,75","26,85","27,75","26,35","172,56K","5,39%"
"14.02.2022","26,33","26,50","26,88","26,11","96,18K","-3,13%"
"11.02.2022","27,18","26,80","27,40","26,50","167,24K","0,93%"
"10.02.2022","26,93","28,01","28,16","26,93","137,77K","-4,40%"
"09.02.2022","28,17","27,54","28,31","27,42","82,04K","3,26%"
"08.02.2022","27,28","28,40","28,57","26,75","368,14K","-4,05%"
"07.02.2022","28,43","28,40","28,83","28,21","112,00K","1,10%"
"04.02.2022","28,12","28,15","28,49","27,84","125,14K","-0,81%"
"03.02.2022","28,35","28,59","28,81","28,01","113,13K","-0,84%"
"02.02.2022","28,59","28,46","29,02","27,89","140,06K","2,62%"
"01.02.2022","27,86","26,98","28,49","26,98","306,05K","2,84%"
"31.01.2022","27,09","27,60","27,84","26,86","164,17K","0,86%"
"28.01.2022","26,86","27,50","27,61","26,75","394,82K","-2,75%"
"27.01.2022","27,62","28,01","28,20","27,52","124,01K","-2,16%"
"26.01.2022","28,23","27,80","28,64","27,51","141,72K","2,80%"
"25.01.2022","27,46","27,80","28,12","27,40","230,11K","-1,01%"
"24.01.2022","27,74","28,25","28,47","27,66","116,36K","-2,70%"
"21.01.2022","28,51","29,00","29,19","28,51","123,96K","-1,96%"
"20.01.2022","29,08","28,95","29,39","28,70","75,90K","1,08%"
"19.01.2022","28,77","28,56","28,89","28,34","142,60K","0,42%"
"18.01.2022","28,65","29,00","29,00","28,02","118,72K","-0,24%"
"17.01.2022","28,72","29,00","29,26","28,70","108,17K","0,28%"
"14.01.2022","28,64","29,38","29,38","28,64","85,74K","-1,92%"
"13.01.2022","29,20","29,19","29,79","29,01","130,19K","0,86%"
"12.01.2022","28,95","29,23","29,33","28,34","206,25K","-2,49%"
"11.01.2022","29,69","29,60","30,00","29,47","97,49K","1,50%"
"10.01.2022","29,25","29,80","29,90","29,23","84,83K","-0,54%"
"07.01.2022","29,41","29,90","29,98","29,31","131,74K","-1,64%"
"06.01.2022","29,90","30,60","30,60","29,27","153,82K","-1,81%"
"05.01.2022","30,45","31,77","31,77","30,34","246,77K","-3,58%"
"04.01.2022","31,58","33,00","33,00","31,48","131,00K","-1,44%"
"03.01.2022","32,04","32,58","33,05","32,04","120,73K","-1,66%"
"30.12.2021","32,58","31,94","32,83","31,57","91,89K","3,36%"
"29.12.2021","31,52","32,00","32,15","31,27","66,56K","-1,38%"
"28.12.2021","31,96","31,55","31,99","31,55","114,36K","1,95%"
"27.12.2021","31,35","31,16","31,89","31,16","67,85K","-0,67%"
"23.12.2021","31,56","31,03","31,56","30,91","72,67K","1,81%"
"22.12.2021","31,00","30,20","31,03","30,20","93,69K","0,10%"
"21.12.2021","30,97","30,99","31,30","30,68","101,16K","1,28%"
"20.12.2021","30,58","30,90","30,90","29,83","133,70K","1,06%"
"17.12.2021","30,26","31,67","31,70","30,13","1,91M","-4,45%"
"16.12.2021","31,67","31,00","32,22","31,00","144,55K","1,44%"
"15.12.2021","31,22","31,50","31,50","30,50","121,82K","2,39%"
"14.12.2021","30,49","31,00","31,84","30,11","262,62K","-1,33%"
"13.12.2021","30,90","30,50","30,97","30,09","210,00K","0,42%"
"10.12.2021","30,77","31,92","32,01","30,51","184,79K","-3,99%"
"09.12.2021","32,05","31,80","32,05","31,14","86,04K","2,46%"
"08.12.2021","31,28","31,05","31,83","31,05","60,19K","0,97%"
"07.12.2021","30,98","31,51","31,51","30,88","66,83K","0,42%"
"06.12.2021","30,85","29,91","31,83","29,91","93,18K","3,59%"
"03.12.2021","29,78","30,00","30,43","29,60","67,38K","0,24%"
"02.12.2021","29,71","30,25","30,72","29,71","144,78K","-3,51%"
"01.12.2021","30,79","30,37","30,90","30,25","164,18K","1,05%"
"30.11.2021","30,47","31,00","31,01","30,18","135,82K","-0,75%"
"29.11.2021","30,70","30,27","31,55","30,27","133,67K","1,02%"
"26.11.2021","30,39","30,60","30,88","30,05","105,86K","-3,52%"
"25.11.2021","31,50","31,00","31,78","30,80","143,15K","0,80%"
"24.11.2021","31,25","31,58","31,58","30,84","100,70K","0,13%"
"23.11.2021","31,21","31,05","31,74","30,51","132,51K","0,03%"
"22.11.2021","31,20","31,54","31,54","30,77","159,02K","0,65%"
"19.11.2021","31,00","31,40","31,81","30,81","104,02K","-0,35%"
"18.11.2021","31,11","31,60","31,60","30,76","81,13K","-1,74%"
"17.11.2021","31,66","32,04","32,28","31,43","173,55K","-1,55%"
"16.11.2021","32,16","31,50","32,64","31,02","412,62K","3,24%"
"15.11.2021","31,15","30,39","31,40","30,39","95,17K","0,61%"
"12.11.2021","30,96","30,40","31,10","30,34","102,13K","1,91%"
"11.11.2021","30,38","29,62","30,74","29,62","75,20K","0,60%"
"10.11.2021","30,20","30,10","30,87","29,55","127,32K","1,85%"
"09.11.2021","29,65","30,20","30,20","29,56","53,47K","-0,24%"
"08.11.2021","29,72","29,55","30,17","29,50","84,30K","0,27%"
"05.11.2021","29,64","30,15","30,60","29,45","70,41K","-2,21%"
"04.11.2021","30,31","30,00","30,74","29,52","125,55K","1,51%"
"03.11.2021","29,86","30,34","30,98","28,69","161,33K","-1,94%"
"02.11.2021","30,45","31,00","31,00","30,21","68,99K","-1,07%"
"01.11.2021","30,78","31,00","31,00","30,51","66,89K","1,82%"
"29.10.2021","30,23","30,80","30,99","30,23","55,69K","-2,07%"
"28.10.2021","30,87","30,58","31,28","30,40","83,47K","1,41%"
"27.10.2021","30,44","30,40","31,44","29,95","195,85K","-0,07%"
"26.10.2021","30,46","30,00","31,35","29,90","136,22K","1,53%"
"25.10.2021","30,00","29,05","30,29","29,05","107,18K","0,13%"
"22.10.2021","29,96","30,30","30,40","29,81","54,95K","-0,73%"
"21.10.2021","30,18","30,05","30,30","29,82","121,31K","0,67%"
"20.10.2021","29,98","29,55","30,30","29,02","164,62K","2,50%"
"19.10.2021","29,25","29,15","29,25","28,29","193,30K","1,63%"
"18.10.2021","28,78","29,79","30,20","28,62","149,73K","-3,39%"
"15.10.2021","29,79","28,45","30,00","28,45","218,20K","3,01%"
"14.10.2021","28,92","28,42","29,77","28,42","156,73K","-0,58%"
"13.10.2021","29,09","28,05","29,34","28,05","82,76K","1,32%"
"12.10.2021","28,71","27,59","28,71","27,31","85,87K","4,02%"
"11.10.2021","27,60","27,50","27,69","27,09","46,02K","0,58%"
"08.10.2021","27,44","28,47","28,47","27,11","89,02K","-1,75%"
"07.10.2021","27,93","27,00","28,26","27,00","169,88K","4,22%"
"06.10.2021","26,80","27,60","27,83","26,40","206,66K","-2,79%"
"05.10.2021","27,57","29,00","29,00","27,40","86,24K","-2,06%"
"04.10.2021","28,15","28,60","28,83","28,06","77,90K","-1,23%"
"01.10.2021","28,50","28,60","28,60","28,01","83,61K","0,60%"
"30.09.2021","28,33","28,89","28,90","28,24","171,60K","-1,22%"
"29.09.2021","28,68","28,66","29,24","28,46","549,89K","1,52%"
"28.09.2021","28,25","29,20","29,23","28,12","598,41K","-3,15%"
"27.09.2021","29,17","29,59","30,09","29,11","199,66K","-0,27%"
"24.09.2021","29,25","29,85","29,85","29,00","361,66K","-1,55%"
"23.09.2021","29,71","30,10","30,10","29,56","55,32K","0,51%"
"22.09.2021","29,56","29,57","29,86","29,38","62,17K","-0,30%"
"21.09.2021","29,65","28,79","29,65","28,79","190,39K","3,67%"
"20.09.2021","28,60","29,10","29,45","28,60","105,42K","-2,72%"
"17.09.2021","29,40","29,40","30,14","29,20","116,22K","1,20%"
"16.09.2021","29,05","29,00","29,97","27,31","196,61K","0,73%"
"15.09.2021","28,84","30,11","30,34","28,63","181,79K","-4,50%"
"14.09.2021","30,20","31,00","31,00","30,00","97,38K","-2,58%"
"13.09.2021","31,00","31,00","31,11","30,61","66,95K","0,98%"
"10.09.2021","30,70","30,31","30,89","30,18","74,76K","1,62%"
"09.09.2021","30,21","30,39","30,64","30,01","50,18K","-0,30%"
"08.09.2021","30,30","30,40","30,40","29,77","45,05K","0,26%"
"07.09.2021","30,22","30,40","30,77","29,95","87,91K","1,24%"
"06.09.2021","29,85","30,80","30,98","29,63","47,41K","-2,32%"
"03.09.2021","30,56","31,00","31,00","30,19","30,30K","-0,23%"
"02.09.2021","30,63","30,60","31,15","30,56","55,17K","-0,10%"
"01.09.2021","30,66","30,28","30,87","30,25","70,95K","1,25%"
"31.08.2021","30,28","29,80","30,28","29,51","141,18K","2,30%"
"30.08.2021","29,60","29,94","30,47","29,60","50,07K","0,34%"
"27.08.2021","29,50","30,29","30,80","29,50","148,01K","-0,34%"
"26.08.2021","29,60","30,30","30,79","29,60","42,75K","-2,25%"
"25.08.2021","30,28","30,01","30,79","30,01","58,08K","0,60%"
"24.08.2021","30,10","30,00","30,84","29,83","50,15K","0,57%"
"23.08.2021","29,93","30,50","30,50","29,70","26,62K","-0,20%"
"20.08.2021","29,99","30,35","30,70","29,94","18,36K","-1,99%"
"19.08.2021","30,60","30,60","30,90","30,00","30,03K","0,59%"
"18.08.2021","30,42","29,95","30,89","29,95","59,62K","1,40%"
"17.08.2021","30,00","29,90","30,49","29,70","79,44K","-0,27%"
"16.08.2021","30,08","30,01","30,48","29,61","24,03K","-0,59%"
"13.08.2021","30,26","31,00","31,01","30,16","29,24K","-1,56%"
"12.08.2021","30,74","31,32","31,39","30,71","27,56K","0,13%"
"11.08.2021","30,70","31,52","31,52","30,60","50,94K","-1,00%"
"10.08.2021","31,01","31,40","31,54","30,78","139,97K","1,27%"
"09.08.2021","30,62","30,90","31,50","30,10","137,59K","-0,36%"
"06.08.2021","30,73","30,60","31,22","30,47","78,81K","-0,55%"
"05.08.2021","30,90","31,02","31,40","30,76","64,69K","0,00%"
"04.08.2021","30,90","30,50","30,99","29,81","88,89K","1,41%"
"03.08.2021","30,47","29,40","30,48","29,00","32,71K","3,53%"
"02.08.2021","29,43","29,00","29,43","28,61","57,37K","2,22%"
"30.07.2021","28,79","29,85","29,94","28,52","95,89K","-3,42%"
"29.07.2021","29,81","30,30","30,58","29,62","128,26K","-1,29%"
"28.07.2021","30,20","29,50","30,50","29,50","110,11K","0,80%"
"27.07.2021","29,96","29,40","30,02","29,40","135,15K","1,49%"
"26.07.2021","29,52","30,00","30,50","29,50","33,58K","-0,30%"
"23.07.2021","29,61","29,50","29,89","29,40","43,96K","-0,34%"
"22.07.2021","29,71","29,60","29,80","29,26","37,86K","1,05%"
"21.07.2021","29,40","29,75","29,75","28,85","89,06K","0,58%"
"20.07.2021","29,23","29,40","30,13","29,23","115,53K","0,07%"
"19.07.2021","29,21","29,84","30,11","29,04","105,64K","-1,98%"
"16.07.2021","29,80","30,06","30,50","29,71","53,81K","-0,67%"
"15.07.2021","30,00","30,20","30,80","29,86","95,01K","-1,09%"
"14.07.2021","30,33","30,53","30,53","29,50","149,11K","-0,39%"
"13.07.2021","30,45","30,60","30,76","30,38","126,69K","-0,29%"
"12.07.2021","30,54","30,95","30,95","30,23","180,85K","-0,20%"
"09.07.2021","30,60","29,95","30,75","29,63","342,99K","2,34%"
"08.07.2021","29,90","29,48","29,90","29,06","279,22K","1,36%"
"07.07.2021","29,50","28,79","29,50","28,52","396,67K","2,47%"
"06.07.2021","28,79","29,10","29,10","28,50","339,81K","-0,72%"
"05.07.2021","29,00","29,50","29,50","28,55","721,56K","-1,02%"
"02.07.2021","29,30","29,00","29,30","27,99","1,05M","2,13%"